scan_date,symbol,entry_close
2026-02-15,AFB,11.0600004196167
2026-02-15,AKAM,105.7699966430664
2026-02-15,AMAT,354.9100036621094
2026-02-15,AMX,24.020000457763672
2026-02-15,ASGI,25.63999938964844
2026-02-15,ATMU,64.12000274658203
2026-02-15,ATNI,28.6200008392334
2026-02-15,AZN,205.6999053955078
2026-02-15,BPYPP,16.270000457763672
2026-02-15,CCO,2.390000104904175
2026-02-15,CHI,11.6899995803833
2026-02-15,CZNC,23.8799991607666
2026-02-15,DBD,80.30000305175781
2026-02-15,DHC,6.550000190734863
2026-02-15,DNP,10.4399995803833
2026-02-15,DPG,14.5600004196167
2026-02-15,EIX,71.45999908447266
2026-02-15,ENB,53.880001068115234
2026-02-15,EPD,37.209999084472656
2026-02-15,ETR,105.06999969482422
2026-02-15,FHI,55.43999862670898
2026-02-15,FLS,89.69000244140625
2026-02-15,GEL,17.540000915527344
2026-02-15,GPAT,10.760000228881836
2026-02-15,GXO,65.51000213623047
2026-02-15,HASI,39.70000076293945
2026-02-15,IBAC,10.649999618530273
2026-02-15,IDA,144.25999450683594
2026-02-15,IDE,14.050000190734863
2026-02-15,IIM,12.819999694824219
2026-02-15,IMXI,15.56999969482422
2026-02-15,JHG,49.04999923706055
2026-02-15,JOF,12.289999961853027
2026-02-15,KB,113.94999694824219
2026-02-15,KF,50.0
2026-02-15,LINC,28.899999618530277
2026-02-15,MOFG,49.310001373291016
2026-02-15,MPA,11.5
2026-02-15,MPLX,56.83000183105469
2026-02-15,MXF,22.729999542236328
2026-02-15,NATL,42.2400016784668
2026-02-15,NEWTG,25.579999923706055
2026-02-15,NGG,92.4000015258789
2026-02-15,NI,46.36000061035156
2026-02-15,NIC,155.19000244140625
2026-02-15,NMS,12.170000076293945
2026-02-15,NRP,125.41000366210938
2026-02-15,NSSC,44.150001525878906
2026-02-15,PEBK,39.220001220703125
2026-02-15,SHG,70.08999633789062
2026-02-15,SHLS,70.08999633789062
2026-02-15,SHMD,70.08999633789062
2026-02-15,SRE,94.77999877929688
2026-02-15,STNG,70.51000213623047
2026-02-15,ZTR,6.889999866485596
2026-02-13,AKAM,105.7699966430664
2026-02-13,AMX,24.020000457763672
2026-02-13,ATNI,28.6200008392334
2026-02-13,AZN,205.6999053955078
2026-02-13,CCO,2.390000104904175
2026-02-13,CZNC,23.8799991607666
2026-02-13,DBD,80.30000305175781
2026-02-13,DHC,6.550000190734863
2026-02-13,DNP,10.4399995803833
2026-02-13,DPG,14.5600004196167
2026-02-13,EIX,71.45999908447266
2026-02-13,ENB,53.880001068115234
2026-02-13,EPD,37.209999084472656
2026-02-13,ETR,105.06999969482422
2026-02-13,GEL,17.540000915527344
2026-02-13,GPAT,10.760000228881836
2026-02-13,SHG,70.08999633789062
2026-02-13,SHLS,70.08999633789062
2026-02-13,SHMD,70.08999633789062
2026-02-12,ADAML,23.499900817871094
2026-02-12,ADM,69.30000305175781
2026-02-12,AGCO,138.47000122070312
2026-02-12,AGX,422.5
2026-02-12,AKAM,105.7699966430664
2026-02-12,AMX,23.57999992370605
2026-02-12,ANAB,55.25
2026-02-12,ATNI,28.6200008392334
2026-02-12,AZN,204.759994506836
2026-02-12,BBDO,3.700000047683716
2026-02-12,BIP,39.18000030517578
2026-02-12,BKR,61.25
2026-02-12,CAT,775.0
2026-02-12,CCNE,29.850000381469727
2026-02-12,CCO,2.369999885559082
2026-02-12,CIG,2.289999961853028
2026-02-12,CMCO,23.270000457763672
2026-02-12,CNQ,40.630001068115234
2026-02-12,CPBI,17.729999542236328
2026-02-12,DAR,49.619998931884766
2026-02-12,DBD,72.36000061035156
2026-02-12,DCI,110.56999969482422
2026-02-12,DD,51.52999877929688
2026-02-12,DHT,15.479999542236328
2026-02-12,DSX,2.440000057220459
2026-02-12,EIX,69.08000183105469
2026-02-12,ELPC,10.979999542236328
2026-02-12,ENB,51.84000015258789
2026-02-12,ENSG,211.9199981689453
2026-02-12,ESI,32.41999816894531
2026-02-12,ETR,101.95999908447266
2026-02-12,FANG,169.00999450683594
2026-02-12,FDX,369.4599914550781
2026-02-12,FE,48.84000015258789
2026-02-12,FERG,267.3599853515625
2026-02-12,FET,49.16999816894531
2026-02-12,FT,8.229999542236328
2026-02-12,FTI,61.81999969482422
2026-02-12,GASS,8.109999656677246
2026-02-12,GILD,155.8000030517578
2026-02-12,GLDD,16.950000762939453
2026-02-12,GLU,21.1200008392334
2026-02-12,GPAT,10.760000228881836
2026-02-12,GPJA,23.309999465942383
2026-02-12,GTX,20.799999237060547
2026-02-12,GVA,133.1699981689453
2026-02-12,GXO,63.34999847412109
2026-02-12,HAS,105.87999725341795
2026-02-12,HCA,531.469970703125
2026-02-12,HCSG,22.280000686645508
2026-02-12,HG,30.280000686645508
2026-02-12,HLT,325.1300048828125
2026-02-12,HSHP,11.789999961853027
2026-02-12,HTHT,53.20000076293945
2026-02-12,HWM,230.8500061035156
2026-02-12,IDE,13.890000343322754
2026-02-12,IESC,514.3599853515625
2026-02-12,IHD,7.159999847412109
2026-02-12,IQI,10.260000228881836
2026-02-12,ITUB,9.56999969482422
2026-02-12,JOF,12.109999656677246
2026-02-12,KB,111.77999877929688
2026-02-12,KF,48.584999084472656
2026-02-12,LUXE,9.949999809265137
2026-02-12,MCHP,80.75
2026-02-12,MGA,57.77999877929688
2026-02-12,MXF,22.700000762939453
2026-02-12,NATL,41.25
2026-02-12,NESR,21.38999938964844
2026-02-12,NG,11.770000457763672
2026-02-12,NGG,90.63999938964844
2026-02-12,NHI,88.25
2026-02-12,NPO,277.1700134277344
2026-02-12,NVS,160.05999755859375
2026-02-12,NXPI,249.75
2026-02-12,O,64.77999877929688
2026-02-12,OBE,8.029999732971191
2026-02-12,OHI,46.77999877929688
2026-02-12,OSK,174.52000427246094
2026-02-12,PANL,9.010000228881836
2026-02-12,PBR,15.829999923706056
2026-02-12,PBR-A,14.760000228881836
2026-02-12,PCQ,9.170000076293944
2026-02-12,PDS,89.94000244140625
2026-02-12,PHIN,77.76000213623047
2026-02-12,PPIH,33.400001525878906
2026-02-12,PR,17.18000030517578
2026-02-12,QXO,27.059999465942383
2026-02-12,RAVE,3.4800000190734863
2026-02-12,RBC,550.530029296875
2026-02-12,RLGT,8.199999809265137
2026-02-12,RMT,12.010000228881836
2026-02-12,ROL,65.5999984741211
2026-02-12,SDRL,43.0099983215332
2026-02-12,SEB,5568.89013671875
2026-02-12,SHG,68.25
2026-02-12,SHIP,11.619999885559082
2026-02-12,SHLS,70.08999633789062
2026-02-12,SHMD,70.08999633789062
2026-02-12,SITE,163.25
2026-02-12,SN,129.02000427246094
2026-02-12,SPHR,115.72000122070312
2026-02-12,SSL,7.590000152587891
2026-02-12,ST,37.220001220703125
2026-02-12,STEL,39.709999084472656
2026-02-12,SUZ,11.18000030517578
2026-02-12,TEX,69.08000183105469
2026-02-12,THC,226.3500061035156
2026-02-12,TIMB,27.11000061035156
2026-02-12,TK,11.279999732971191
2026-02-12,TRP,60.91999816894531
2026-02-12,TSM,374.0899963378906
2026-02-12,TTE,77.72000122070312
2026-02-12,TVC,24.39999961853028
2026-02-12,TX,45.25
2026-02-12,UFCS,38.720001220703125
2026-02-12,UGP,5.25
2026-02-12,USPH,88.13999938964844
2026-02-12,VIV,15.800000190734863
2026-02-12,VPV,11.050000190734863
2026-02-12,WAB,254.4199981689453
2026-02-12,WMB,71.12000274658203
